filelist.i.;nindivs;minncalls;maxncalls;nvars;nPCAs;HS;DS;HM;MI;Hsest;DSest
ANmodulation.csv;33;10;10;11;10;3.392063069;0.648484848;0.765477658;3.815188822;5.331330817;0.438913468
ANspec.csv;33;10;10;7;6;4.611770034;0.660606061;0.983240993;3.884935567;5.480229151;0.573505914
CCformants.csv;33;10;10;4;4;10.51846005;0.981818182;3.320662345;4.96099649;10.76132504;0.956575302
CCspec - reduced.csv;33;10;10;7;6;5.148066913;0.757575758;0.971024748;4.07424841;6.78513027;0.626126755
LAhighweewoo.csv;33;10;10;7;5;3.575518395;0.627272727;0.754084694;3.638070057;5.083572807;0.461933385
SS grunty.csv;33;10;10;10;7;2.567702044;0.342424242;0.487578683;2.716385226;2.565065741;0.333575167
