"id";"X1";"X2";"X3";"X4";"X5";"X6";"X7";"X8";"X9";"X10"
"11";-1.70194997413433;-0.497841220988752;0.188202237719714;0.487243984313374;0.920792505528808;-1.33996172284958;-0.688696961147782;0.179923622111514;0.45325149170805;-0.958365069182716
"11";-1.29518127061515;-1.29920155969292;-0.860361882468914;-0.747393218971966;-1.90641031188939;-2.54140885210334;1.20067573614271;-0.627716123591841;-0.240861692691113;-1.55258016926378
"15";-1.12769266176056;-0.365720191396551;-0.599465688216523;-1.0842642795653;0.479424526008844;-1.6078527311956;-0.841382507592015;-2.36623549930045;-1.11206306703445;-0.751797072406012
"15";-0.799211321567146;-0.0301481934442329;0.268881968395931;-0.815199871025648;-0.29201806054743;-1.63756088396395;-1.89893375079614;-1.95597483528064;-2.01767660933163;0.277530135763313
"22";0.622028643635172;-0.740895317768515;-0.42121803521302;-2.34083403956764;-1.87067643776331;-0.186366676249118;-0.700838076843134;-1.11700151267248;-2.21794864817287;-1.38028124263034
"22";-1.26049014801589;0.792206446574425;0.0487146746794569;-0.470280570726429;-2.07202266466029;0.858101198047496;-0.978365367200346;-1.07661780309894;-0.371500715742408;0.342285310715368
"34";-0.148745020296878;0.106244428529066;0.0875264169429234;1.72180129785471;0.544426221082157;0.903503216795009;0.800030094616594;1.56793949231113;0.233885117847652;2.02591559844209
"34";-0.134260000815346;0.534043592972571;0.29830330305346;1.53597183163297;0.912289879475078;1.04940049639441;-0.311075444961122;0.301342846985938;1.11431372307426;-0.00965285177204778
