"id";"X1";"X2";"X3";"X4";"X5";"X6";"X7";"X8";"X9";"X10"
"11";2.8568517381365;-4.25230969726971;0.0965199875175957;-2.78125129187894;-0.938020472997346;-1.56947619932965;0.119066051906931;0.254693464905486;-0.517650631631685;-2.72317597445472
"11";2.94976671347191;0.315966264765796;2.36565371883875;0.404844177124917;0.550069338082939;1.63829547103129;-1.66641147941997;-2.10183175521446;0.791235990856131;0.310832470718357
"11";-0.586381727710516;6.43156774760135;2.56587954263764;3.35989448768662;-0.911179748000684;0.869419709224729;-1.99516596905119;-0.240714778704507;0.37548553515368;-2.05305919196894
"11";0.969358535278278;2.45186744717717;2.69789804699297;0.78897955105064;2.50749290567842;0.861524345694039;4.91005328572625;-0.936373739090625;1.36817698183604;-2.61064134495203
"15";-2.64446538299219;2.14853629486262;-5.7058026840005;-4.24644346078267;-2.23668695150735;-1.54147948721244;0.947736097682867;-1.15081886249369;-2.28921014672311;-2.78922768082128
"15";-5.07836318294133;-0.00228503166767302;-0.747351017064055;-1.10837048474697;1.10861604279412;1.66984672132093;1.49599482624859;0.774160534701568;3.29274312501399;2.4162005337627
"15";1.87789404957359;-2.62556504812462;-5.53988167015111;-0.321799480951017;1.76355350515301;-4.76192581989678;-4.03677379638157;-2.97164488007145;-0.350720692085782;-1.0465514083453
"15";1.95929562176376;0.7579963107174;2.1263539112983;1.5719314354067;1.11995889254489;-1.76206461287064;1.38591791931249;-3.21263188979162;1.89349234336054;-0.456673108330251
